2,Nguyen Van A,nguyenvana@gmail.com,1/1/2000,w3323@,rr.jpg
3,Nguyen Van B,nguyenvanb@gmail.com,2/2/2000,32@r,ebgt.jpg
4,Nguyen Van C,nguyenvanc@gmail.com,3/4/2001,qr@q3,ergt.jpg
5,Nguyen Van D,nguyenvand@gmail.com,4/3/2006,32@r4,wed.jpg
6,Nguyen Van E,nguyenvane@gmail.com,18/6/2005,3@2r3,gbeth.jpg
7,Nguyen Van F,nguyenvanf@gmail.com,2/3/2001,5y4w@,eght.ipg
8,Nguyen Van J,nguyenvanj@gmail.com,3/5/1999,ht4@5,fvbvfg.jpg
9,Nguyen Van H,nguyenvanh@gmail.com,3/6/2004,4r@whg,fgbgg.jpg
10,Nguyen Van K,nguyenvank@gmail.com,27/7/2007,4y4@5,retgv.jpg
11,Nguyen Van P,nguyenvanp@gmail.com,20/2/2001,gg@w5,regtt.jpg
12,Tran Van Y,vany@gmail.com,,sds@lk,werg.jpg
